,predictions,true_labels
0,5.317571640014648,5.258260726928711
1,5.163786888122559,5.163102149963379
2,5.075077056884766,5.091560363769531
3,5.074484825134277,5.015528678894043
4,4.94786262512207,4.9481520652771
5,4.898621559143066,4.892045021057129
6,4.845958232879639,4.8284502029418945
7,4.796664714813232,4.768796920776367
8,4.748715400695801,4.712902069091797
9,4.714005947113037,4.660121917724609
10,4.646698951721191,4.609796524047852
11,4.510839462280273,4.562258720397949
12,4.480320930480957,4.5171003341674805
13,4.464221000671387,4.47416353225708
14,4.449801445007324,4.432954788208008
15,4.3045172691345215,4.392330646514893
16,4.287967205047607,4.354770660400391
17,4.262367248535156,4.31843376159668
18,4.232815742492676,4.283725738525391
19,4.185190200805664,4.25016450881958
20,4.159306526184082,4.217898845672607
21,4.148979663848877,4.186856269836426
22,4.135207653045654,4.156757354736328
23,4.057406425476074,4.1275739669799805
24,4.062631607055664,4.099569320678711
25,4.065989017486572,4.072182655334473
26,4.007759094238281,4.045536994934082
27,4.01625919342041,4.018799304962158
28,3.9771740436553955,3.9940006732940674
29,4.025815010070801,3.969869613647461
30,5.286072731018066,5.250463485717773
31,5.224488258361816,5.163172245025635
32,5.119007110595703,5.093857765197754
33,5.10272216796875,5.0152363777160645
34,4.962530136108398,4.9476704597473145
35,4.889692306518555,4.891727447509766
36,4.835141658782959,4.828317642211914
37,4.78933048248291,4.768794059753418
38,4.707472801208496,4.712502479553223
39,4.675595283508301,4.659858703613281
40,4.618879318237305,4.609778881072998
41,4.5634660720825195,4.562305450439453
42,4.487240791320801,4.517129898071289
43,4.452905654907227,4.474217414855957
44,4.447420120239258,4.4329986572265625
45,4.307809829711914,4.392330169677734
46,4.287833213806152,4.354775428771973
47,4.262367248535156,4.318438529968262
48,4.234889984130859,4.283730506896973
49,4.192397117614746,4.250290393829346
50,4.159306526184082,4.217903137207031
51,4.148979663848877,4.186861038208008
52,4.133893966674805,4.15676212310791
53,4.0579938888549805,4.127597808837891
54,4.0629682540893555,4.099573612213135
55,4.062677383422852,4.072211742401123
56,4.005784034729004,4.045561790466309
57,4.0172200202941895,4.019341468811035
58,4.018856048583984,3.994913101196289
59,4.022819995880127,3.9706220626831055
60,5.814654350280762,5.772233009338379
61,5.599581241607666,5.683985710144043
62,5.522736549377441,5.601845741271973
63,5.505863189697266,5.519876956939697
64,5.518975257873535,5.449867248535156
65,5.4316864013671875,5.3687615394592285
66,5.306952476501465,5.323627471923828
67,5.176834583282471,5.271979331970215
68,5.162234783172607,5.213369846343994
69,5.160900115966797,5.162336349487305
70,5.050872325897217,5.1102294921875
71,5.0248003005981445,5.0726542472839355
72,4.993154525756836,5.041060447692871
73,4.936955451965332,4.988412857055664
74,4.912324905395508,4.969657897949219
75,4.904295921325684,4.92978572845459
76,4.866579055786133,4.8914475440979
77,4.838747024536133,4.854606628417969
78,4.797892093658447,4.819019317626953
79,4.782918453216553,4.785085678100586
80,4.740149974822998,4.751896858215332
81,4.7334418296813965,4.720113754272461
82,4.67394495010376,4.689474105834961
83,4.633476257324219,4.659652233123779
84,4.589838981628418,4.630753040313721
85,4.566643714904785,4.602726459503174
86,4.53383731842041,4.575559616088867
87,4.472157955169678,4.549106597900391
88,4.4633870124816895,4.523471832275391
89,4.456475734710693,4.498618125915527
90,5.841377258300781,5.778295040130615
91,5.589455604553223,5.680826187133789
92,5.576676368713379,5.5938568115234375
93,5.45237398147583,5.525826930999756
94,5.467004776000977,5.4439697265625
95,5.284192085266113,5.389907360076904
96,5.241631031036377,5.316988945007324
97,5.215738296508789,5.25739049911499
98,5.148042678833008,5.217879295349121
99,5.132438659667969,5.161441802978516
100,5.102480888366699,5.117854118347168
101,5.079074859619141,5.074170112609863
102,4.967782974243164,5.0402984619140625
103,4.9317731857299805,4.998270511627197
104,4.911017417907715,4.969666004180908
105,4.899264335632324,4.929577827453613
106,4.863951683044434,4.891313076019287
107,4.827230930328369,4.854438304901123
108,4.783046722412109,4.819052696228027
109,4.673014163970947,4.784821510314941
110,4.702147006988525,4.751941680908203
111,4.69201135635376,4.720199108123779
112,4.65212345123291,4.68917989730835
113,4.615954399108887,4.65956974029541
114,4.588211536407471,4.630770683288574
115,4.564088821411133,4.602750778198242
116,4.545442581176758,4.575563430786133
117,4.505101203918457,4.54918098449707
118,4.462460041046143,4.523479461669922
119,4.459856986999512,4.498627662658691
120,6.08915901184082,6.19986629486084
121,6.1857686042785645,6.092790126800537
122,5.951498985290527,5.9988532066345215
123,5.96681022644043,5.917783260345459
124,5.963964939117432,5.833770275115967
125,5.855770111083984,5.776264667510986
126,5.648024559020996,5.704456329345703
127,5.569653511047363,5.652761936187744
128,5.677519798278809,5.592757225036621
129,5.443129539489746,5.552225589752197
130,5.497858047485352,5.496540546417236
131,5.499114990234375,5.444465160369873
132,5.356045722961426,5.39622163772583
133,5.339320182800293,5.355532169342041
134,5.3502397537231445,5.326972007751465
135,5.231747627258301,5.295745849609375
136,5.271945953369141,5.254672050476074
137,5.234039306640625,5.216409683227539
138,5.111353874206543,5.18345832824707
139,5.1208391189575195,5.1569366455078125
140,5.0568952560424805,5.120954513549805
141,5.046626091003418,5.096857070922852
142,4.955718994140625,5.07000207901001
143,4.9433088302612305,5.054823875427246
144,4.97255802154541,5.015223503112793
145,4.912843704223633,4.998898506164551
146,4.887150764465332,4.971360683441162
147,4.879039764404297,4.944765567779541
148,4.8612165451049805,4.918930530548096
149,4.82642936706543,4.893475532531738
150,6.180012226104736,6.193115711212158
151,6.143962860107422,6.099812030792236
152,6.014655113220215,5.9991774559021
153,5.989139556884766,5.921128273010254
154,5.847117900848389,5.840171813964844
155,5.824416160583496,5.766576290130615
156,5.670557975769043,5.7041850090026855
157,5.7347211837768555,5.654895782470703
158,5.5479655265808105,5.59896993637085
159,5.514735221862793,5.547478199005127
160,5.504213809967041,5.497038841247559
161,5.27932071685791,5.450235366821289
162,5.326740264892578,5.404979705810547
163,5.25196647644043,5.362804412841797
164,5.288552284240723,5.3180437088012695
165,5.172180652618408,5.293147087097168
166,5.199923515319824,5.250448226928711
167,5.236633777618408,5.215107440948486
168,5.1787004470825195,5.180681228637695
169,5.075584411621094,5.148622512817383
170,5.120965957641602,5.119349479675293
171,5.021602630615234,5.100499629974365
172,5.047260284423828,5.068830490112305
173,4.9586663246154785,5.046788215637207
174,4.916547775268555,5.027101039886475
175,4.919279098510742,4.998754501342773
176,4.849399566650391,4.971166133880615
177,4.876420974731445,4.944697380065918
178,4.822426795959473,4.918465614318848
179,4.833677291870117,4.8935956954956055
180,6.617823123931885,6.555172443389893
181,6.38408899307251,6.454425811767578
182,6.204830646514893,6.355629920959473
183,6.297787666320801,6.261990070343018
184,6.227420806884766,6.1807661056518555
185,6.149311542510986,6.104240417480469
186,6.0710129737854,6.0242509841918945
187,5.976623058319092,5.974518299102783
188,5.963161468505859,5.914134502410889
189,5.880523204803467,5.85595703125
190,5.728629112243652,5.8074631690979
191,5.746753692626953,5.7562031745910645
192,5.636571884155273,5.714929580688477
193,5.607715129852295,5.6730804443359375
194,5.53757381439209,5.634982109069824
195,5.569728374481201,5.594670295715332
196,5.504107475280762,5.558157920837402
197,5.471716403961182,5.512142181396484
198,5.4804277420043945,5.47470760345459
199,5.423596382141113,5.442741870880127
200,5.331012725830078,5.410406589508057
201,5.385581970214844,5.3848490715026855
202,5.296089172363281,5.364614486694336
203,5.27000617980957,5.339058876037598
204,5.2395405769348145,5.295472621917725
205,5.299764633178711,5.2695722579956055
206,5.281497478485107,5.2619218826293945
207,5.186528205871582,5.222355365753174
208,5.036715507507324,5.192404747009277
209,5.066064834594727,5.170095920562744
210,6.846680641174316,6.541541576385498
211,6.53785514831543,6.444369316101074
212,6.39820671081543,6.326827049255371
213,6.312386989593506,6.283495903015137
214,6.2333478927612305,6.187094211578369
215,6.139229774475098,6.1165313720703125
216,6.063201904296875,6.03460168838501
217,6.108170032501221,5.96591854095459
218,5.86741828918457,5.915024757385254
219,5.90731143951416,5.853425025939941
220,5.805381774902344,5.807740211486816
221,5.717220783233643,5.743834018707275
222,5.658693313598633,5.707584381103516
223,5.637902736663818,5.674464225769043
224,5.572524070739746,5.630798816680908
225,5.578737258911133,5.588687896728516
226,5.609902858734131,5.547552108764648
227,5.455923080444336,5.524412631988525
228,5.4770121574401855,5.474183082580566
229,5.372642517089844,5.4434285163879395
230,5.326658725738525,5.415528774261475
231,5.300800800323486,5.397629737854004
232,5.271065711975098,5.367919921875
233,5.225398063659668,5.335050106048584
234,5.210376262664795,5.30558967590332
235,5.239024639129639,5.266273021697998
236,5.166592597961426,5.25065803527832
237,5.156590938568115,5.227229118347168
238,5.168684959411621,5.200633525848389
239,5.143863677978516,5.177877902984619
240,6.984360694885254,6.805513858795166
241,6.680389881134033,6.731184959411621
242,6.521855354309082,6.650459289550781
243,6.609023571014404,6.555298328399658
244,6.500844478607178,6.463972091674805
245,6.452273368835449,6.4057722091674805
246,6.348549842834473,6.321808338165283
247,6.273942947387695,6.260993003845215
248,6.247445583343506,6.185277462005615
249,6.1633501052856445,6.1377272605896
250,5.982760429382324,6.082306861877441
251,6.1182942390441895,6.033320903778076
252,5.976301670074463,5.977564811706543
253,5.932475566864014,5.930139541625977
254,5.893121242523193,5.895287036895752
255,5.827498435974121,5.839842796325684
256,5.882516384124756,5.814844608306885
257,5.754665374755859,5.775484561920166
258,5.795041084289551,5.732522487640381
259,5.660183906555176,5.707117080688477
260,5.752872943878174,5.677319526672363
261,5.592912673950195,5.643195629119873
262,5.537581443786621,5.617353439331055
263,5.569356441497803,5.596702575683594
264,5.4969353675842285,5.536588191986084
265,5.412751197814941,5.5216450691223145
266,5.435157775878906,5.5006608963012695
267,5.409748554229736,5.464984893798828
268,5.299479007720947,5.449981212615967
269,5.293763160705566,5.425389289855957
270,6.874898433685303,6.830702304840088
271,6.850380897521973,6.730942249298096
272,6.756620407104492,6.6270904541015625
273,6.5066328048706055,6.54014778137207
274,6.3904242515563965,6.476293087005615
275,6.520741939544678,6.396437644958496
276,6.360217571258545,6.328611373901367
277,6.371060371398926,6.251666069030762
278,6.165782928466797,6.195268630981445
279,6.096498489379883,6.138680458068848
280,6.0828328132629395,6.090816020965576
281,6.041032314300537,6.033498764038086
282,5.923953056335449,5.983384609222412
283,5.864947319030762,5.935673713684082
284,5.903383731842041,5.9017767906188965
285,5.867153644561768,5.84769868850708
286,5.709730625152588,5.801837921142578
287,5.814089775085449,5.768635272979736
288,5.674673557281494,5.738140106201172
289,5.655270099639893,5.70797061920166
290,5.7023606300354,5.689003944396973
291,5.707549095153809,5.660577774047852
292,5.603181838989258,5.620045185089111
293,5.615906238555908,5.584326267242432
294,5.540850639343262,5.557609558105469
295,5.483903884887695,5.533624172210693
296,5.486093044281006,5.4838480949401855
297,5.389975547790527,5.481181621551514
298,5.3175201416015625,5.452941417694092
299,5.3689422607421875,5.421036720275879
300,7.019838809967041,7.093542575836182
301,7.078575134277344,6.984565258026123
302,6.869698524475098,6.894589424133301
303,6.667034149169922,6.801119804382324
304,6.786182880401611,6.715549468994141
305,6.7616801261901855,6.633271217346191
306,6.5208659172058105,6.575236797332764
307,6.587347984313965,6.515713214874268
308,6.643325328826904,6.441449165344238
309,6.296424388885498,6.392919540405273
310,6.513815879821777,6.326167106628418
311,6.275391578674316,6.268228530883789
312,6.268563270568848,6.241640090942383
313,6.161557674407959,6.179039478302002
314,6.069261074066162,6.131665229797363
315,6.121465682983398,6.098898887634277
316,6.072405815124512,6.057231426239014
317,6.042541027069092,5.990498065948486
318,5.914215564727783,5.977310657501221
319,5.984539985656738,5.930929183959961
320,5.829023838043213,5.901124954223633
321,5.8329243659973145,5.864814758300781
322,5.843891620635986,5.823838710784912
323,5.839638710021973,5.804887771606445
324,5.7637128829956055,5.773542404174805
325,5.7394843101501465,5.763376235961914
326,5.710425853729248,5.724030494689941
327,5.646121978759766,5.698007583618164
328,5.63468074798584,5.677273750305176
329,5.606703758239746,5.650214195251465
330,7.333159923553467,7.0728278160095215
331,7.013063907623291,6.964526176452637
332,6.868846893310547,6.886907577514648
333,6.814496994018555,6.808189868927002
334,6.7292680740356445,6.705892562866211
335,6.626102447509766,6.639773845672607
336,6.572173118591309,6.555636405944824
337,6.440896987915039,6.512777805328369
338,6.506829261779785,6.438254356384277
339,6.396973609924316,6.381092548370361
340,6.290073394775391,6.331158638000488
341,6.215872764587402,6.287886142730713
342,6.139156818389893,6.228500843048096
343,6.1206865310668945,6.1781816482543945
344,6.062882900238037,6.136933326721191
345,6.098321437835693,6.090360641479492
346,6.058182716369629,6.0554070472717285
347,5.892385005950928,6.0079803466796875
348,5.873671531677246,5.972079753875732
349,5.859846591949463,5.941712856292725
350,5.838910102844238,5.8864312171936035
351,5.898061752319336,5.866082191467285
352,5.78853702545166,5.838607311248779
353,5.652302265167236,5.789746284484863
354,5.794863224029541,5.763891220092773
355,5.687019348144531,5.7426886558532715
356,5.740411758422852,5.715914726257324
357,5.688339710235596,5.695662975311279
358,5.610025405883789,5.670063495635986
359,5.614405632019043,5.648163318634033
360,7.398591995239258,7.2996931076049805
361,7.154934406280518,7.211972713470459
362,7.160239219665527,7.094864845275879
363,7.032201290130615,7.012030601501465
364,6.899624824523926,6.950150012969971
365,6.876171588897705,6.852352142333984
366,6.762350559234619,6.787926197052002
367,6.7110443115234375,6.723764419555664
368,6.6180009841918945,6.670358657836914
369,6.4900431632995605,6.604053974151611
370,6.411741733551025,6.543039321899414
371,6.368381977081299,6.484419345855713
372,6.382994651794434,6.438375473022461
373,6.371336936950684,6.404476642608643
374,6.3413262367248535,6.35797119140625
375,6.283107757568359,6.3110575675964355
376,6.22780704498291,6.265623092651367
377,6.174968719482422,6.217286109924316
378,6.1268415451049805,6.197137832641602
379,6.233114242553711,6.146109104156494
380,6.161845684051514,6.109081268310547
381,6.0378828048706055,6.076469898223877
382,6.133398056030273,6.037007808685303
383,6.022758960723877,6.010740280151367
384,5.955663681030273,5.968726634979248
385,5.969900131225586,5.946821689605713
386,5.93223762512207,5.904469013214111
387,5.883836269378662,5.89246940612793
388,5.765698432922363,5.853753566741943
389,5.80260705947876,5.833529949188232
390,7.526063919067383,7.291859149932861
391,7.3611578941345215,7.189206123352051
392,7.095585346221924,7.0845513343811035
393,6.9758429527282715,7.0167741775512695
394,6.917629241943359,6.936845302581787
395,6.797152042388916,6.871423244476318
396,6.87448787689209,6.7878899574279785
397,6.812295913696289,6.720420837402344
398,6.579957008361816,6.647584915161133
399,6.6123247146606445,6.612570762634277
400,6.415900230407715,6.539604187011719
401,6.40685510635376,6.49501371383667
402,6.41025447845459,6.435976028442383
403,6.325041770935059,6.38750696182251
404,6.358491897583008,6.357386112213135
405,6.3277106285095215,6.312829494476318
406,6.251588344573975,6.260130882263184
407,6.203064918518066,6.206973552703857
408,6.15830659866333,6.179599761962891
409,6.061911582946777,6.147557735443115
410,6.0620317459106445,6.121129512786865
411,6.036093235015869,6.081119537353516
412,6.05790376663208,6.05037784576416
413,6.0141167640686035,5.993660926818848
414,5.904728889465332,5.981654167175293
415,5.916025638580322,5.95673131942749
416,5.891820907592773,5.924663543701172
417,5.890000820159912,5.895114898681641
418,5.768630504608154,5.858559608459473
419,5.785914897918701,5.829089641571045
420,7.698646545410156,7.481933116912842
421,7.337205410003662,7.380557060241699
422,7.245352745056152,7.2826690673828125
423,7.315969467163086,7.199228763580322
424,7.094555854797363,7.115612983703613
425,7.206358909606934,7.044765472412109
426,7.1480488777160645,6.967928409576416
427,6.926234722137451,6.913376808166504
428,6.8668389320373535,6.8482255935668945
429,6.867802619934082,6.779154300689697
430,6.7556867599487305,6.746539115905762
431,6.710106372833252,6.682008266448975
432,6.4322686195373535,6.640323162078857
433,6.510900974273682,6.600166320800781
434,6.4426960945129395,6.549330711364746
435,6.511667251586914,6.491559982299805
436,6.305347442626953,6.464320659637451
437,6.327276706695557,6.415346145629883
438,6.307727813720703,6.386401176452637
439,6.343810558319092,6.351494789123535
440,6.262897968292236,6.299440860748291
441,6.230172634124756,6.274427890777588
442,6.166018962860107,6.230802536010742
443,6.209224224090576,6.199936866760254
444,6.199581146240234,6.173318862915039
445,6.114772319793701,6.138437271118164
446,6.112427711486816,6.108424186706543
447,6.041937828063965,6.0780229568481445
448,5.998325824737549,6.038206100463867
449,6.0588202476501465,6.0346174240112305
450,7.7321906089782715,7.4917120933532715
451,7.56986665725708,7.382874965667725
452,7.335685729980469,7.2791619300842285
453,7.24845027923584,7.1994547843933105
454,7.296362400054932,7.1215901374816895
455,6.9571404457092285,7.035899639129639
456,7.01637077331543,6.970618724822998
457,6.916031360626221,6.917568206787109
458,6.659005165100098,6.86463737487793
459,6.830045700073242,6.795993804931641
460,6.542749881744385,6.7477922439575195
461,6.634430885314941,6.681421279907227
462,6.5763421058654785,6.646795272827148
463,6.515474319458008,6.6129045486450195
464,6.497071743011475,6.530725002288818
465,6.503814220428467,6.507275581359863
466,6.420418739318848,6.469050884246826
467,6.346857070922852,6.421378135681152
468,6.237154006958008,6.3801727294921875
469,6.264307498931885,6.342160701751709
470,6.314295768737793,6.308471202850342
471,6.239665985107422,6.268697738647461
472,6.140530109405518,6.2399187088012695
473,6.174991607666016,6.2001190185546875
474,6.076412200927734,6.1655192375183105
475,6.141937255859375,6.130228519439697
476,6.047492027282715,6.110863208770752
477,6.058299541473389,6.0673065185546875
478,5.945066928863525,6.056580543518066
479,5.963529586791992,6.017876625061035
480,7.904605388641357,7.667201995849609
481,7.881987571716309,7.543675422668457
482,7.568896770477295,7.463456153869629
483,7.437522888183594,7.370206356048584
484,7.417136192321777,7.289228439331055
485,7.199953556060791,7.216798782348633
486,7.157278060913086,7.151041507720947
487,7.0745110511779785,7.071136474609375
488,6.970330238342285,7.0212626457214355
489,7.064208984375,6.949764251708984
490,6.786480903625488,6.911177158355713
491,6.828592777252197,6.854265213012695
492,6.667545318603516,6.79943323135376
493,6.584616661071777,6.7485785484313965
494,6.656383037567139,6.723121643066406
495,6.513669013977051,6.675320148468018
496,6.491999626159668,6.620721817016602
497,6.464215278625488,6.590761184692383
498,6.530428409576416,6.53341817855835
499,6.368818283081055,6.516185760498047
500,6.3828325271606445,6.46653938293457
501,6.341899871826172,6.453350067138672
502,6.331091403961182,6.403312683105469
503,6.253608226776123,6.362329483032227
504,6.267114639282227,6.334409236907959
505,6.285415172576904,6.315957069396973
506,6.217652797698975,6.2780256271362305
507,6.224554538726807,6.250410079956055
508,6.218106269836426,6.226161003112793
509,6.272339820861816,6.194958686828613
510,7.9005608558654785,7.643576622009277
511,7.752205848693848,7.552209854125977
512,7.525373458862305,7.4544267654418945
513,7.4891510009765625,7.384189128875732
514,7.188033580780029,7.2921857833862305
515,7.22705078125,7.21785831451416
516,7.132950305938721,7.148343563079834
517,7.151494026184082,7.0792646408081055
518,6.9395904541015625,7.0241570472717285
519,6.8599419593811035,6.97265100479126
520,6.894993305206299,6.908994197845459
521,6.8234758377075195,6.879355430603027
522,6.558279037475586,6.8251447677612305
523,6.780763626098633,6.762306213378906
524,6.664443016052246,6.71538782119751
525,6.682973861694336,6.674916744232178
526,6.50341796875,6.63840389251709
527,6.470913410186768,6.580125331878662
528,6.594780921936035,6.548746109008789
529,6.431369304656982,6.51733922958374
530,6.45298957824707,6.458374977111816
531,6.332223892211914,6.446680068969727
532,6.2493157386779785,6.406296253204346
533,6.2654337882995605,6.372812271118164
534,6.4100661277771,6.336033344268799
535,6.186967849731445,6.31083869934082
536,6.1841630935668945,6.274457931518555
537,6.178342819213867,6.2508416175842285
538,6.201813697814941,6.2179460525512695
539,6.1449689865112305,6.196283340454102
540,8.14044189453125,7.808223724365234
541,8.005011558532715,7.706350803375244
542,7.762909889221191,7.607484817504883
543,7.667187213897705,7.526920795440674
544,7.437378406524658,7.456663131713867
545,7.38169527053833,7.371537208557129
546,7.272476673126221,7.308607578277588
547,7.276664733886719,7.25208044052124
548,7.262608528137207,7.178588390350342
549,7.032362461090088,7.112432479858398
550,7.044957160949707,7.059568405151367
551,6.947272777557373,7.004891395568848
552,6.87494421005249,6.961398124694824
553,6.943602561950684,6.917431831359863
554,6.7290215492248535,6.8849196434021
555,6.567543029785156,6.844459056854248
556,6.671968460083008,6.794716835021973
557,6.608320713043213,6.74423885345459
558,6.666780471801758,6.715585708618164
559,6.537543296813965,6.661797046661377
560,6.417630672454834,6.633538722991943
561,6.422515392303467,6.586118698120117
562,6.515257835388184,6.57009220123291
563,6.401717662811279,6.53128719329834
564,6.340696334838867,6.508139133453369
565,6.261104106903076,6.467657566070557
566,6.313323497772217,6.4310760498046875
567,6.364680290222168,6.404670715332031
568,6.309586524963379,6.388404846191406
569,6.249258995056152,6.364848613739014
570,8.035480499267578,7.818915843963623
571,7.8217058181762695,7.710857391357422
572,7.651190757751465,7.634853363037109
573,7.83494758605957,7.515868186950684
574,7.513083457946777,7.436990737915039
575,7.386466979980469,7.377377033233643
576,7.259589672088623,7.315324783325195
577,7.162241458892822,7.2491455078125
578,7.154257297515869,7.173456192016602
579,6.919236660003662,7.137670993804932
580,7.123573303222656,7.061358451843262
581,6.928669452667236,7.005373477935791
582,6.898126125335693,6.960009574890137
583,6.914246559143066,6.9091644287109375
584,6.907909393310547,6.862184524536133
585,6.831196308135986,6.836441993713379
586,6.644077777862549,6.787425518035889
587,6.6704535484313965,6.736473083496094
588,6.665110111236572,6.702327251434326
589,6.614457130432129,6.663647174835205
590,6.413248538970947,6.626078128814697
591,6.434075832366943,6.601557731628418
592,6.4118332862854,6.554185390472412
593,6.418333530426025,6.519486427307129
594,6.469797611236572,6.49772834777832
595,6.45504093170166,6.457036018371582
596,6.3877058029174805,6.442702293395996
597,6.343334674835205,6.4093475341796875
598,6.3737897872924805,6.384040832519531
599,6.387800216674805,6.351531505584717
600,8.340119361877441,7.9655866622924805
601,8.102051734924316,7.857059478759766
602,7.946167945861816,7.7509636878967285
603,7.793476581573486,7.667354583740234
604,7.718277931213379,7.5962700843811035
605,7.5575737953186035,7.512877941131592
606,7.462783336639404,7.438756942749023
607,7.366302967071533,7.377255916595459
608,7.307172775268555,7.31302547454834
609,7.197627544403076,7.261164665222168
610,7.191255569458008,7.203629970550537
611,7.108582496643066,7.147770404815674
612,6.981998443603516,7.11023473739624
613,6.923537254333496,7.0733723640441895
614,6.8744611740112305,7.026579856872559
615,6.797664165496826,6.9771504402160645
616,6.8131208419799805,6.927950382232666
617,6.734964370727539,6.892360210418701
618,6.747964859008789,6.849405765533447
619,6.70102071762085,6.826108932495117
620,6.7726922035217285,6.776130199432373
621,6.584478855133057,6.74791145324707
622,6.470479965209961,6.7024827003479
623,6.45115852355957,6.6822075843811035
624,6.489927768707275,6.649273872375488
625,6.464454650878906,6.615118026733398
626,6.411099433898926,6.597131729125977
627,6.361605644226074,6.565664291381836
628,6.422622203826904,6.518728256225586
629,6.533097267150879,6.506166458129883
630,8.145938873291016,7.966440677642822
631,8.182628631591797,7.850318908691406
632,7.800117492675781,7.7715229988098145
633,7.87720251083374,7.682037353515625
634,7.579709529876709,7.591813087463379
635,7.573431968688965,7.501495361328125
636,7.548827171325684,7.463648796081543
637,7.330151081085205,7.393625259399414
638,7.252107620239258,7.3421430587768555
639,7.2920756340026855,7.250041484832764
640,7.292649269104004,7.209149360656738
641,7.12365198135376,7.154423713684082
642,6.9636054039001465,7.106812477111816
643,7.037437438964844,7.066493511199951
644,6.9841227531433105,7.019026279449463
645,6.943370342254639,6.95857048034668
646,6.785553455352783,6.939538955688477
647,6.853368282318115,6.869805335998535
648,6.736688613891602,6.857922554016113
649,6.737388610839844,6.812435626983643
650,6.5248332023620605,6.785985946655273
651,6.565382957458496,6.7485480308532715
652,6.6048970222473145,6.682725429534912
653,6.504149436950684,6.670214653015137
654,6.397669315338135,6.641110420227051
655,6.501612663269043,6.6276373863220215
656,6.484227657318115,6.583599090576172
657,6.538730621337891,6.5491766929626465
658,6.385130882263184,6.517202377319336
659,6.431634902954102,6.489408016204834
660,8.512560844421387,8.0796480178833
661,8.230667114257812,7.991278648376465
662,8.248736381530762,7.891674995422363
663,7.965159893035889,7.795214653015137
664,7.834725379943848,7.724573135375977
665,7.706295967102051,7.659212589263916
666,7.6349005699157715,7.573981761932373
667,7.60427188873291,7.508533954620361
668,7.481247425079346,7.459517955780029
669,7.478267669677734,7.389934539794922
670,7.311699867248535,7.342772006988525
671,7.288914203643799,7.289493560791016
672,7.193743705749512,7.246924877166748
673,7.0780463218688965,7.1998395919799805
674,7.221861839294434,7.134548187255859
675,6.998863697052002,7.117187976837158
676,6.871545791625977,7.080086708068848
677,6.816242218017578,7.024962902069092
678,6.756258964538574,6.9984283447265625
679,6.701659679412842,6.9389824867248535
680,6.731756210327148,6.913332462310791
681,6.628911018371582,6.881520748138428
682,6.629461288452148,6.853513717651367
683,6.6311445236206055,6.799706935882568
684,6.696868896484375,6.7510600090026855
685,6.622604846954346,6.731011390686035
686,6.4934306144714355,6.7068772315979
687,6.460838794708252,6.697930812835693
688,6.380464553833008,6.650538444519043
689,6.4069695472717285,6.610446453094482
690,8.418014526367188,8.07790756225586
691,8.193225860595703,7.982328414916992
692,8.068744659423828,7.886637210845947
693,7.917641639709473,7.806855201721191
694,7.875994682312012,7.714714050292969
695,7.780242919921875,7.652383327484131
696,7.729042053222656,7.578108787536621
697,7.509492874145508,7.525308609008789
698,7.466526031494141,7.459712982177734
699,7.556258678436279,7.3964056968688965
700,7.316224575042725,7.328364849090576
701,7.148634910583496,7.28316068649292
702,7.161933422088623,7.234047889709473
703,7.124549865722656,7.190190315246582
704,7.227292060852051,7.137170791625977
705,7.179600238800049,7.104609489440918
706,6.926315784454346,7.066188335418701
707,7.080001354217529,7.009650230407715
708,6.937068939208984,6.965519905090332
709,6.877873420715332,6.947751045227051
710,6.837779521942139,6.9115166664123535
711,7.008171558380127,6.855657577514648
712,6.569057464599609,6.841583728790283
713,6.558528423309326,6.8048834800720215
714,6.662717819213867,6.772722244262695
715,6.562692165374756,6.7443132400512695
716,6.617098808288574,6.707505226135254
717,6.583264350891113,6.679982662200928
718,6.544450283050537,6.6542463302612305
719,6.4399309158325195,6.626256465911865
720,8.510597229003906,8.207324981689453
721,8.441815376281738,8.102704048156738
722,8.16484260559082,8.00436782836914
723,8.047786712646484,7.924185276031494
724,7.943212985992432,7.851358413696289
725,7.790403366088867,7.771074295043945
726,7.666640281677246,7.694188594818115
727,7.639832496643066,7.641125679016113
728,7.490699291229248,7.575905799865723
729,7.462130546569824,7.5190911293029785
730,7.470216274261475,7.457494735717773
731,7.479743003845215,7.413729667663574
732,7.253783702850342,7.358367919921875
733,7.232305526733398,7.304941654205322
734,7.270626544952393,7.2650909423828125
735,7.100085735321045,7.231658935546875
736,7.03092622756958,7.180302143096924
737,7.034287452697754,7.126863956451416
738,6.911337375640869,7.10920524597168
739,6.9393510818481445,7.0737433433532715
740,6.825864791870117,7.0363006591796875
741,6.829050540924072,6.99207878112793
742,6.853926181793213,6.966702938079834
743,6.8329620361328125,6.938238143920898
744,6.640387058258057,6.911911487579346
745,6.688889026641846,6.885203838348389
746,6.669910907745361,6.836678504943848
747,6.705140113830566,6.802835464477539
748,6.5679779052734375,6.7796525955200195
749,6.599750518798828,6.75770902633667
750,8.447320938110352,8.203388214111328
751,8.364171028137207,8.110137939453125
752,8.187215805053711,8.005339622497559
753,8.22791576385498,7.91313362121582
754,8.038982391357422,7.843703269958496
755,7.71638822555542,7.76233434677124
756,7.791954517364502,7.694554805755615
757,7.548043727874756,7.622096538543701
758,7.569206237792969,7.583950996398926
759,7.4377641677856445,7.526802062988281
760,7.3774309158325195,7.455179691314697
761,7.195797443389893,7.412147045135498
762,7.214408874511719,7.37150764465332
763,7.356231212615967,7.3199615478515625
764,7.179656982421875,7.268462181091309
765,6.998238563537598,7.217525005340576
766,6.893990516662598,7.186513423919678
767,7.002628326416016,7.149275302886963
768,7.10880708694458,7.106927871704102
769,6.955094814300537,7.069184303283691
770,6.9914727210998535,7.020113468170166
771,6.79299259185791,6.989757537841797
772,6.867405414581299,6.969743251800537
773,6.8557515144348145,6.919605255126953
774,6.8221893310546875,6.901208877563477
775,6.756269454956055,6.851611137390137
776,6.669954299926758,6.831479072570801
777,6.68222188949585,6.803674697875977
778,6.718692779541016,6.773372650146484
779,6.7351579666137695,6.749613285064697
780,8.582915306091309,8.31223201751709
781,8.499290466308594,8.204170227050781
782,8.27719783782959,8.113420486450195
783,8.128641128540039,8.03441333770752
784,8.014342308044434,7.946513652801514
785,7.915501594543457,7.887853145599365
786,7.81934118270874,7.816372871398926
787,7.799575328826904,7.735904216766357
788,7.70445442199707,7.686724662780762
789,7.616825580596924,7.635375499725342
790,7.690794467926025,7.576552391052246
791,7.458164215087891,7.531919479370117
792,7.368425369262695,7.4663848876953125
793,7.577964782714844,7.407297134399414
794,7.318584442138672,7.390120029449463
795,7.147848606109619,7.343580722808838
796,7.227865219116211,7.307269096374512
797,7.254624843597412,7.257255554199219
798,7.153597831726074,7.221240997314453
799,7.123006343841553,7.162407398223877
800,7.007853031158447,7.149903297424316
801,7.027032375335693,7.120190143585205
802,6.896883964538574,7.080026626586914
803,6.731572151184082,7.046859264373779
804,6.834233283996582,7.012396812438965
805,6.699321746826172,6.975106716156006
806,6.686491966247559,6.957493782043457
807,6.9164018630981445,6.912318229675293
808,6.641395568847656,6.904367446899414
809,6.73762321472168,6.865093231201172
810,8.584599494934082,8.32259464263916
811,8.543519020080566,8.224478721618652
812,8.301324844360352,8.131754875183105
813,8.072280883789062,8.031493186950684
814,8.00606918334961,7.960034370422363
815,7.832012176513672,7.892892837524414
816,7.775493621826172,7.819787502288818
817,7.709995269775391,7.745661735534668
818,7.751829624176025,7.695239067077637
819,7.61475944519043,7.628927230834961
820,7.455301761627197,7.595440864562988
821,7.606800556182861,7.517208099365234
822,7.469179630279541,7.4794464111328125
823,7.494760513305664,7.423109531402588
824,7.191051959991455,7.3940911293029785
825,7.385443687438965,7.3412628173828125
826,7.140601634979248,7.290433883666992
827,7.179084777832031,7.266323566436768
828,7.106170177459717,7.224306583404541
829,6.95273494720459,7.174441814422607
830,6.94741678237915,7.143649101257324
831,7.0293049812316895,7.114996433258057
832,6.867958068847656,7.073796272277832
833,6.877885341644287,7.048914432525635
834,6.89156436920166,7.000141143798828
835,6.872664451599121,6.985239505767822
836,6.817575454711914,6.946520805358887
837,6.815215110778809,6.912417888641357
838,6.771494388580322,6.8846211433410645
839,6.720322608947754,6.861489772796631
840,8.684859275817871,8.39846134185791
841,8.462742805480957,8.331629753112793
842,8.381247520446777,8.238053321838379
843,8.33101749420166,8.124951362609863
844,8.1497163772583,8.06606674194336
845,8.167040824890137,7.977126121520996
846,7.969877243041992,7.912778854370117
847,7.916431427001953,7.862913131713867
848,7.8604559898376465,7.787596702575684
849,7.8842315673828125,7.73590612411499
850,7.641594886779785,7.673262596130371
851,7.650689125061035,7.634037971496582
852,7.583585739135742,7.57497501373291
853,7.524364948272705,7.535643100738525
854,7.382566452026367,7.4891557693481445
855,7.203325271606445,7.45759391784668
856,7.268645286560059,7.390782356262207
857,7.123802661895752,7.364821434020996
858,7.25761604309082,7.33217716217041
859,7.087757587432861,7.2824177742004395
860,7.151047229766846,7.262539863586426
861,7.019806861877441,7.22853422164917
862,6.974196434020996,7.184141635894775
863,7.050799369812012,7.150299549102783
864,6.957058906555176,7.109782695770264
865,6.964964389801025,7.069766998291016
866,6.964888572692871,7.05399227142334
867,6.72928524017334,7.016477108001709
868,6.848051071166992,7.00175666809082
869,6.782478332519531,6.953830718994141
870,8.631891250610352,8.421807289123535
871,8.591150283813477,8.315753936767578
872,8.317819595336914,8.22624397277832
873,8.352462768554688,8.148975372314453
874,8.13858699798584,8.064144134521484
875,7.939924240112305,7.992089748382568
876,7.920932292938232,7.915714740753174
877,7.834208965301514,7.847896099090576
878,7.921319007873535,7.781515121459961
879,7.758779048919678,7.738205432891846
880,7.641424655914307,7.679272651672363
881,7.615145206451416,7.635512828826904
882,7.6444010734558105,7.592284202575684
883,7.4592671394348145,7.525046348571777
884,7.434288501739502,7.4971699714660645
885,7.325465202331543,7.42877197265625
886,7.315260410308838,7.40039587020874
887,7.376698017120361,7.3620123863220215
888,7.232046604156494,7.329699516296387
889,7.236721992492676,7.292540073394775
890,7.181609630584717,7.2606072425842285
891,6.985707759857178,7.22613525390625
892,6.979249954223633,7.177072048187256
893,7.039700031280518,7.14923620223999
894,6.931336879730225,7.11982536315918
895,6.9188103675842285,7.084084987640381
896,6.929266929626465,7.0452775955200195
897,6.868762016296387,7.038832664489746
898,6.781741619110107,7.0083746910095215
899,6.687952518463135,6.966294288635254
900,8.806905746459961,8.498183250427246
901,8.637933731079102,8.42083740234375
902,8.358885765075684,8.319720268249512
903,8.45547103881836,8.24504566192627
904,8.286310195922852,8.154061317443848
905,8.206624984741211,8.08861255645752
906,8.228949546813965,8.012368202209473
907,8.082625389099121,7.954406261444092
908,7.919041156768799,7.904117584228516
909,7.840807914733887,7.834665775299072
910,7.7568254470825195,7.7869768142700195
911,7.743633270263672,7.729424476623535
912,7.686598300933838,7.6839599609375
913,7.457819938659668,7.639076232910156
914,7.474883556365967,7.6097941398620605
915,7.518313407897949,7.548775672912598
916,7.273053169250488,7.5050177574157715
917,7.401768207550049,7.465936660766602
918,7.272311210632324,7.430581569671631
919,7.270776271820068,7.389588356018066
920,7.032168388366699,7.352196216583252
921,7.261171340942383,7.310842037200928
922,7.253580093383789,7.277340888977051
923,7.2308173179626465,7.242224216461182
924,7.0438456535339355,7.228212356567383
925,7.018359184265137,7.193814277648926
926,6.989095211029053,7.162115097045898
927,6.99437952041626,7.142791271209717
928,7.026580810546875,7.1088457107543945
929,6.819005489349365,7.077063083648682
930,8.729727745056152,8.528105735778809
931,8.636787414550781,8.400333404541016
932,8.354203224182129,8.339065551757812
933,8.285511016845703,8.249399185180664
934,8.238733291625977,8.161764144897461
935,8.09666919708252,8.081232070922852
936,8.087311744689941,8.011852264404297
937,7.986027717590332,7.9366655349731445
938,7.992722988128662,7.895312309265137
939,7.980444431304932,7.8309831619262695
940,7.889781951904297,7.765227794647217
941,7.890694618225098,7.718685150146484
942,7.607658863067627,7.695967674255371
943,7.565183162689209,7.632798194885254
944,7.629777431488037,7.597395420074463
945,7.276028633117676,7.542889595031738
946,7.414968490600586,7.4849467277526855
947,7.308561325073242,7.4573073387146
948,7.428938388824463,7.417705059051514
949,7.281169891357422,7.373231410980225
950,7.131266117095947,7.339171409606934
951,7.144754409790039,7.323770523071289
952,7.02297306060791,7.279144763946533
953,7.09851598739624,7.240708827972412
954,7.046278476715088,7.2301530838012695
955,6.95632791519165,7.1905317306518555
956,7.094184875488281,7.160646438598633
957,6.922792911529541,7.118057727813721
958,6.6730194091796875,7.111741542816162
959,6.906497001647949,7.069774627685547
960,8.872214317321777,8.611685752868652
961,8.707344055175781,8.51707649230957
962,8.63339614868164,8.399537086486816
963,8.534882545471191,8.331745147705078
964,8.329727172851562,8.254887580871582
965,8.489476203918457,8.173846244812012
966,8.273273468017578,8.104975700378418
967,8.145283699035645,8.052696228027344
968,8.103753089904785,7.98360538482666
969,7.943341255187988,7.913271903991699
970,7.9050798416137695,7.8759355545043945
971,7.784460067749023,7.837717533111572
972,7.777873992919922,7.776248931884766
973,7.536162853240967,7.739402770996094
974,7.654168605804443,7.672451019287109
975,7.592898845672607,7.645009517669678
976,7.4107136726379395,7.588129043579102
977,7.447263717651367,7.550839424133301
978,7.316348552703857,7.523226737976074
979,7.41777229309082,7.48996114730835
980,7.3854546546936035,7.453189849853516
981,7.319331169128418,7.415996074676514
982,7.159668445587158,7.384144306182861
983,7.173719882965088,7.341272830963135
984,7.095871448516846,7.319900035858154
985,7.192340850830078,7.2907233238220215
986,7.148386478424072,7.259366989135742
987,7.103079319000244,7.228661060333252
988,7.012052536010742,7.200681209564209
989,6.902021408081055,7.170660495758057
990,8.766313552856445,8.619272232055664
991,8.668245315551758,8.504860877990723
992,8.461471557617188,8.430423736572266
993,8.505228042602539,8.34183120727539
994,8.453375816345215,8.267538070678711
995,8.230280876159668,8.166559219360352
996,8.085090637207031,8.108802795410156
997,8.182751655578613,8.034905433654785
998,8.08182144165039,7.976644515991211
999,7.996716022491455,7.920065879821777
1000,8.005271911621094,7.866044521331787
1001,7.7842817306518555,7.812499046325684
1002,7.699924468994141,7.779442310333252
1003,7.7217488288879395,7.719306468963623
1004,7.535912990570068,7.684282302856445
1005,7.553835868835449,7.651064872741699
1006,7.516556262969971,7.578949451446533
1007,7.428580284118652,7.566377639770508
1008,7.408982753753662,7.530445575714111
1009,7.3217902183532715,7.469978332519531
1010,7.247349739074707,7.446992874145508
1011,7.254637718200684,7.418313980102539
1012,7.2692084312438965,7.373823165893555
1013,7.254504203796387,7.34061336517334
1014,7.042196750640869,7.324117660522461
1015,7.152810573577881,7.282238960266113
1016,7.08644962310791,7.25217866897583
1017,7.033864498138428,7.240179538726807
1018,6.986164093017578,7.198709011077881
1019,7.114170551300049,7.158091068267822
1020,8.869691848754883,8.710559844970703
1021,8.803619384765625,8.591774940490723
1022,8.702088356018066,8.507957458496094
1023,8.621902465820312,8.378104209899902
1024,8.348297119140625,8.335044860839844
1025,8.434439659118652,8.267290115356445
1026,8.205455780029297,8.202481269836426
1027,8.275884628295898,8.124486923217773
1028,8.076433181762695,8.061210632324219
1029,8.032453536987305,8.012335777282715
1030,8.025398254394531,7.954007148742676
1031,8.004694938659668,7.920281410217285
1032,7.725900650024414,7.846895217895508
1033,7.744218349456787,7.828343391418457
1034,7.748439788818359,7.768227577209473
1035,7.616898536682129,7.730038642883301
1036,7.630405902862549,7.689101219177246
1037,7.506472587585449,7.6539716720581055
1038,7.506520748138428,7.599218845367432
1039,7.424861431121826,7.569411277770996
1040,7.325113773345947,7.522164821624756
1041,7.350121974945068,7.497474193572998
1042,7.409727573394775,7.469023704528809
1043,7.2404680252075195,7.437572479248047
1044,7.281671047210693,7.397407054901123
1045,7.1677021980285645,7.37072229385376
1046,7.195821285247803,7.329084396362305
1047,7.136387348175049,7.293314456939697
1048,7.1039137840271,7.285629749298096
1049,6.991504669189453,7.2527055740356445
1050,8.98726749420166,8.70371150970459
1051,8.680023193359375,8.607421875
1052,8.70777416229248,8.512059211730957
1053,8.674976348876953,8.414873123168945
1054,8.41232967376709,8.336791038513184
1055,8.207587242126465,8.280372619628906
1056,8.359771728515625,8.20414924621582
1057,8.162368774414062,8.138803482055664
1058,8.126890182495117,8.064910888671875
1059,8.032638549804688,8.018391609191895
1060,7.926070213317871,7.965890884399414
1061,7.8391523361206055,7.912038803100586
1062,7.786652088165283,7.872391700744629
1063,7.657558441162109,7.819300651550293
1064,7.5457234382629395,7.777829647064209
1065,7.690878391265869,7.732227802276611
1066,7.509886741638184,7.682640552520752
1067,7.559692859649658,7.64763069152832
1068,7.424091815948486,7.61161470413208
1069,7.388701915740967,7.571508407592773
1070,7.363202095031738,7.5413994789123535
1071,7.328727722167969,7.502651214599609
1072,7.354574203491211,7.476656913757324
1073,7.155177593231201,7.443666458129883
1074,7.3934645652771,7.4106903076171875
1075,7.232905387878418,7.3722405433654785
1076,7.052466869354248,7.347780227661133
1077,7.136819839477539,7.329588890075684
1078,7.226316928863525,7.3022780418396
1079,7.165569305419922,7.259972095489502
1080,8.983762741088867,8.771186828613281
1081,8.834440231323242,8.683489799499512
1082,8.658669471740723,8.585478782653809
1083,8.63546371459961,8.505525588989258
1084,8.522346496582031,8.422032356262207
1085,8.516993522644043,8.349472045898438
1086,8.496150970458984,8.27331829071045
1087,8.261587142944336,8.2169828414917
1088,8.242461204528809,8.160652160644531
1089,8.132165908813477,8.107735633850098
1090,8.118480682373047,8.047569274902344
1091,7.921645641326904,7.99384880065918
1092,7.851786136627197,7.9408040046691895
1093,7.899478435516357,7.9014787673950195
1094,7.943981170654297,7.858017444610596
1095,7.687788009643555,7.823802471160889
1096,7.646844863891602,7.776311874389648
1097,7.7276835441589355,7.730841159820557
1098,7.585643291473389,7.6767706871032715
1099,7.492864608764648,7.654516220092773
1100,7.430624008178711,7.623678684234619
1101,7.546772003173828,7.588781833648682
1102,7.392915725708008,7.552598476409912
1103,7.294541358947754,7.521284580230713
1104,7.18455171585083,7.4904327392578125
1105,7.131168842315674,7.468198776245117
1106,7.241172790527344,7.430515289306641
1107,7.147892475128174,7.398650646209717
1108,7.22559118270874,7.368865489959717
1109,7.162156581878662,7.356944561004639
1110,8.953741073608398,8.7743501663208
1111,8.690851211547852,8.676739692687988
1112,8.712789535522461,8.610578536987305
1113,8.47862434387207,8.491506576538086
1114,8.441906929016113,8.427653312683105
1115,8.247668266296387,8.357998847961426
1116,8.220059394836426,8.283257484436035
1117,8.196305274963379,8.230016708374023
1118,8.171459197998047,8.154244422912598
1119,8.012600898742676,8.11172103881836
1120,8.122485160827637,8.042533874511719
1121,7.827025413513184,7.995614528656006
1122,7.907182693481445,7.9496846199035645
1123,7.777730941772461,7.907972812652588
1124,7.744200706481934,7.860465049743652
1125,7.724621295928955,7.816099166870117
1126,7.659362316131592,7.773262977600098
1127,7.517613410949707,7.741432189941406
1128,7.548075199127197,7.676599502563477
1129,7.481305122375488,7.657164573669434
1130,7.452426433563232,7.616051197052002
1131,7.406728267669678,7.588082790374756
1132,7.362915515899658,7.542692184448242
1133,7.41945219039917,7.515209197998047
1134,7.404761791229248,7.488273620605469
1135,7.373228073120117,7.466506481170654
1136,7.20600700378418,7.423046112060547
1137,7.313131332397461,7.41758918762207
1138,7.310403347015381,7.369992733001709
1139,7.0781121253967285,7.334456443786621
1140,8.966084480285645,8.842020988464355
1141,8.908610343933105,8.755538940429688
1142,8.634817123413086,8.663564682006836
1143,8.726762771606445,8.57907485961914
1144,8.494791030883789,8.509575843811035
1145,8.5194730758667,8.430997848510742
1146,8.458154678344727,8.350530624389648
1147,8.347381591796875,8.299111366271973
1148,8.387673377990723,8.246237754821777
1149,8.025285720825195,8.1724271774292
1150,8.10204029083252,8.127447128295898
1151,8.042353630065918,8.073625564575195
1152,7.910189151763916,8.037636756896973
1153,7.975795745849609,7.980409145355225
1154,7.889435291290283,7.930940628051758
1155,7.820161819458008,7.903836727142334
1156,7.816019058227539,7.843160152435303
1157,7.767014026641846,7.815885543823242
1158,7.523383140563965,7.778196334838867
1159,7.617319107055664,7.748648166656494
1160,7.513978958129883,7.704412460327148
1161,7.611211776733398,7.663084983825684
1162,7.452587604522705,7.627732276916504
1163,7.336573600769043,7.600268363952637
1164,7.225708484649658,7.577694416046143
1165,7.446603775024414,7.538599967956543
1166,7.276951313018799,7.517566204071045
1167,7.388008117675781,7.480976104736328
1168,7.218760967254639,7.442140579223633
1169,7.176555633544922,7.433588981628418
1170,9.04550838470459,8.85689640045166
1171,8.820630073547363,8.753714561462402
1172,8.735755920410156,8.663431167602539
1173,8.747803688049316,8.58107852935791
1174,8.518579483032227,8.494681358337402
1175,8.347871780395508,8.432991027832031
1176,8.411060333251953,8.359261512756348
1177,8.357511520385742,8.29898452758789
1178,8.204854965209961,8.248841285705566
1179,8.189298629760742,8.174721717834473
1180,8.126436233520508,8.124748229980469
1181,8.140588760375977,8.0592041015625
1182,7.968405723571777,8.016629219055176
1183,7.990053653717041,7.9724273681640625
1184,7.921980381011963,7.92655086517334
1185,7.72412109375,7.890562057495117
1186,7.518935203552246,7.864574432373047
1187,7.627032279968262,7.80670166015625
1188,7.531286716461182,7.782768726348877
1189,7.69904088973999,7.738962650299072
1190,7.546767234802246,7.702223300933838
1191,7.622405529022217,7.649885654449463
1192,7.346636772155762,7.643377780914307
1193,7.399963855743408,7.596439838409424
1194,7.48351526260376,7.5808868408203125
1195,7.336818695068359,7.533468723297119
1196,7.28684139251709,7.507135391235352
1197,7.129133701324463,7.483332633972168
1198,7.235501289367676,7.453242301940918
1199,7.053628921508789,7.428271770477295
1200,9.061412811279297,8.935501098632812
1201,9.037081718444824,8.82966136932373
1202,8.793293952941895,8.740623474121094
1203,8.794532775878906,8.664804458618164
1204,8.761269569396973,8.586067199707031
1205,8.487899780273438,8.505596160888672
1206,8.392670631408691,8.442972183227539
1207,8.445269584655762,8.360801696777344
1208,8.319005012512207,8.302841186523438
1209,8.310592651367188,8.261600494384766
1210,8.136719703674316,8.203139305114746
1211,8.106194496154785,8.152726173400879
1212,8.0435791015625,8.102245330810547
1213,8.040839195251465,8.060332298278809
1214,7.949369430541992,8.006978988647461
1215,7.906320095062256,7.966348171234131
1216,7.802728652954102,7.930475234985352
1217,7.765050411224365,7.884509563446045
1218,7.560637950897217,7.861920356750488
1219,7.667906284332275,7.813616752624512
1220,7.645763397216797,7.777040004730225
1221,7.57050895690918,7.733526706695557
1222,7.599636077880859,7.710478782653809
1223,7.371525764465332,7.680728912353516
1224,7.49267578125,7.653228282928467
1225,7.537833213806152,7.602993965148926
1226,7.3786091804504395,7.584658145904541
1227,7.320276260375977,7.553183078765869
1228,7.335464000701904,7.537931442260742
1229,7.3667144775390625,7.509215831756592
1230,9.0033540725708,8.941917419433594
1231,8.902583122253418,8.846776962280273
1232,8.871312141418457,8.746728897094727
1233,8.76114273071289,8.649845123291016
1234,8.644458770751953,8.580755233764648
1235,8.490013122558594,8.49858283996582
1236,8.455049514770508,8.446868896484375
1237,8.352509498596191,8.370396614074707
1238,8.285344123840332,8.319920539855957
1239,8.198034286499023,8.260871887207031
1240,8.224034309387207,8.193589210510254
1241,8.015352249145508,8.147608757019043
1242,7.932933330535889,8.118370056152344
1243,8.13316535949707,8.060457229614258
1244,8.027499198913574,8.015937805175781
1245,7.732656478881836,7.975689888000488
1246,7.733526706695557,7.932369232177734
1247,7.693155288696289,7.896895408630371
1248,7.57763671875,7.854341506958008
1249,7.768876552581787,7.819948196411133
1250,7.554244518280029,7.767392635345459
1251,7.61809778213501,7.742916584014893
1252,7.5580058097839355,7.711178302764893
1253,7.685257434844971,7.675180435180664
1254,7.476476669311523,7.651679515838623
1255,7.4787373542785645,7.605436325073242
1256,7.455897331237793,7.587538242340088
1257,7.249903202056885,7.571896076202393
1258,7.2180495262146,7.522558212280273
1259,7.113760471343994,7.511647701263428
1260,9.019388198852539,9.002225875854492
1261,8.954750061035156,8.899369239807129
1262,8.902860641479492,8.821574211120605
1263,8.817588806152344,8.741497039794922
1264,8.674080848693848,8.657257080078125
1265,8.484861373901367,8.570428848266602
1266,8.559380531311035,8.509612083435059
1267,8.576652526855469,8.44422721862793
1268,8.342141151428223,8.37191104888916
1269,8.305386543273926,8.346651077270508
1270,8.162759780883789,8.266191482543945
1271,8.145216941833496,8.21622371673584
1272,8.064233779907227,8.176656723022461
1273,8.10222053527832,8.133240699768066
1274,8.04938793182373,8.078315734863281
1275,7.897221088409424,8.043211936950684
1276,7.962853908538818,7.992635726928711
1277,7.788097858428955,7.954257488250732
1278,7.783587455749512,7.920103073120117
1279,7.646305561065674,7.896538257598877
1280,7.740725040435791,7.846591472625732
1281,7.510452747344971,7.828620433807373
1282,7.621554851531982,7.777830123901367
1283,7.584351539611816,7.751730918884277
1284,7.543221950531006,7.736181259155273
1285,7.451542854309082,7.701274394989014
1286,7.53105354309082,7.655801773071289
1287,7.549109935760498,7.619162082672119
1288,7.498615264892578,7.61302375793457
1289,7.498797416687012,7.579457759857178
1290,9.118326187133789,9.009896278381348
1291,9.025003433227539,8.910676002502441
1292,8.711977005004883,8.815327644348145
1293,8.667145729064941,8.709150314331055
1294,8.518007278442383,8.649508476257324
1295,8.641425132751465,8.569025993347168
1296,8.584609985351562,8.496503829956055
1297,8.367510795593262,8.44154167175293
1298,8.263481140136719,8.370925903320312
1299,8.280037879943848,8.324495315551758
1300,8.220276832580566,8.274542808532715
1301,8.195760726928711,8.228540420532227
1302,8.183622360229492,8.175254821777344
1303,7.852011203765869,8.135995864868164
1304,7.964441776275635,8.087276458740234
1305,7.912171363830566,8.039337158203125
1306,7.781701564788818,7.993998050689697
1307,7.77895975112915,7.969599723815918
1308,7.673949241638184,7.936551570892334
1309,7.6546430587768555,7.890086650848389
1310,7.63923978805542,7.852832794189453
1311,7.639904022216797,7.808285713195801
1312,7.7101006507873535,7.801243782043457
1313,7.597219944000244,7.760616302490234
1314,7.665887832641602,7.725539684295654
1315,7.522576332092285,7.685361385345459
1316,7.3362908363342285,7.66451358795166
1317,7.390560150146484,7.616382122039795
1318,7.34822416305542,7.596261978149414
1319,7.374999523162842,7.571671009063721
1320,9.10332202911377,9.075536727905273
1321,9.0396146774292,8.979362487792969
1322,8.88944149017334,8.879082679748535
1323,8.847542762756348,8.784965515136719
1324,8.901960372924805,8.711190223693848
1325,8.592129707336426,8.650510787963867
1326,8.659464836120605,8.575899124145508
1327,8.562567710876465,8.502138137817383
1328,8.43418025970459,8.43992805480957
1329,8.396912574768066,8.40297794342041
1330,8.237125396728516,8.346468925476074
1331,8.235485076904297,8.301837921142578
1332,8.195586204528809,8.241202354431152
1333,8.10023021697998,8.19372272491455
1334,8.093180656433105,8.139047622680664
1335,8.041613578796387,8.10803508758545
1336,8.093069076538086,8.058534622192383
1337,8.065993309020996,8.019896507263184
1338,7.779825210571289,7.981939792633057
1339,7.909499168395996,7.96803092956543
1340,7.827725887298584,7.917703151702881
1341,7.639183521270752,7.891773700714111
1342,7.617772102355957,7.859589576721191
1343,7.590540409088135,7.830852508544922
1344,7.579278945922852,7.778641223907471
1345,7.682374477386475,7.767807483673096
1346,7.655137538909912,7.7295684814453125
1347,7.513025283813477,7.697048187255859
1348,7.543635368347168,7.675339698791504
1349,7.400584697723389,7.652646541595459
1350,9.104979515075684,9.078069686889648
1351,9.027911186218262,8.98102855682373
1352,8.82600212097168,8.880988121032715
1353,8.734230995178223,8.80097770690918
1354,8.646849632263184,8.719995498657227
1355,8.707110404968262,8.646157264709473
1356,8.510343551635742,8.551424980163574
1357,8.321422576904297,8.508435249328613
1358,8.358936309814453,8.450520515441895
1359,8.422845840454102,8.407403945922852
1360,8.373672485351562,8.352864265441895
1361,8.230574607849121,8.290313720703125
1362,8.290548324584961,8.239782333374023
1363,8.125866889953613,8.198217391967773
1364,8.006207466125488,8.16675090789795
1365,8.053802490234375,8.106579780578613
1366,7.850283145904541,8.078234672546387
1367,7.799938201904297,8.037198066711426
1368,7.728604793548584,7.998516082763672
1369,7.745001792907715,7.952812194824219
1370,7.664682388305664,7.934638977050781
1371,7.60853385925293,7.885420799255371
1372,7.747297286987305,7.847063064575195
1373,7.645934104919434,7.811756134033203
1374,7.6777520179748535,7.801825523376465
1375,7.664188861846924,7.758236885070801
1376,7.588831424713135,7.724672317504883
1377,7.363790988922119,7.699962615966797
1378,7.386334419250488,7.684363842010498
1379,7.3960394859313965,7.642812252044678
1380,9.238216400146484,9.156747817993164
1381,9.10651683807373,9.032217979431152
1382,8.924964904785156,8.937849998474121
1383,8.931062698364258,8.862971305847168
1384,8.823257446289062,8.798625946044922
1385,8.734894752502441,8.718356132507324
1386,8.594375610351562,8.632107734680176
1387,8.579374313354492,8.581122398376465
1388,8.438858032226562,8.50604248046875
1389,8.388632774353027,8.463329315185547
1390,8.305546760559082,8.408546447753906
1391,8.384807586669922,8.35633373260498
1392,8.368748664855957,8.301057815551758
1393,8.199121475219727,8.260164260864258
1394,8.13919448852539,8.221101760864258
1395,8.118910789489746,8.172218322753906
1396,8.040544509887695,8.115297317504883
1397,8.008723258972168,8.088257789611816
1398,7.9263129234313965,8.056076049804688
1399,7.907474040985107,8.010828018188477
1400,7.701141357421875,7.978116512298584
1401,7.6717424392700195,7.942222595214844
1402,7.633277416229248,7.921655178070068
1403,7.717705726623535,7.877777099609375
1404,7.779232501983643,7.840095043182373
1405,7.843163013458252,7.822466850280762
1406,7.618185520172119,7.805211544036865
1407,7.849160194396973,7.776160717010498
1408,7.6567840576171875,7.722860336303711
1409,7.647879600524902,7.7134552001953125
1410,9.220667839050293,9.143365859985352
1411,9.065038681030273,9.03345012664795
1412,8.901323318481445,8.942178726196289
1413,8.845429420471191,8.868182182312012
1414,8.772988319396973,8.776754379272461
1415,8.56683349609375,8.713605880737305
1416,8.6393404006958,8.641888618469238
1417,8.425643920898438,8.582539558410645
1418,8.475790023803711,8.527093887329102
1419,8.476212501525879,8.471948623657227
1420,8.37930965423584,8.401032447814941
1421,8.220282554626465,8.365277290344238
1422,8.212491035461426,8.298543930053711
1423,8.163127899169922,8.261707305908203
1424,8.02461051940918,8.218879699707031
1425,8.033048629760742,8.181923866271973
1426,7.854659557342529,8.131401062011719
1427,7.912740230560303,8.090367317199707
1428,7.914947032928467,8.05867862701416
1429,7.860203266143799,8.004295349121094
1430,7.76051139831543,7.989627838134766
1431,7.8326215744018555,7.945424556732178
1432,7.7843780517578125,7.926629066467285
1433,7.735904216766357,7.890990257263184
1434,7.620274543762207,7.858025550842285
1435,7.656045436859131,7.828717231750488
1436,7.613524436950684,7.799249172210693
1437,7.459908485412598,7.75113582611084
1438,7.558712959289551,7.750111103057861
1439,7.5061726570129395,7.7116899490356445
1440,9.34555721282959,9.210177421569824
1441,9.269584655761719,9.1192626953125
1442,8.927477836608887,9.015377044677734
1443,8.928279876708984,8.909913063049316
1444,8.88997745513916,8.84444522857666
1445,8.689837455749512,8.776444435119629
1446,8.75281810760498,8.704974174499512
1447,8.676076889038086,8.644207000732422
1448,8.602530479431152,8.576364517211914
1449,8.494617462158203,8.527976036071777
1450,8.352779388427734,8.481830596923828
1451,8.414521217346191,8.436100006103516
1452,8.385115623474121,8.374622344970703
1453,8.263310432434082,8.335467338562012
1454,8.163248062133789,8.286426544189453
1455,8.190582275390625,8.233582496643066
1456,8.106385231018066,8.19847583770752
1457,8.023205757141113,8.166022300720215
1458,7.90642786026001,8.12812614440918
1459,8.016535758972168,8.08178424835205
1460,7.847363471984863,8.06102466583252
1461,7.776034355163574,8.020023345947266
1462,7.743800640106201,7.963950157165527
1463,7.793595790863037,7.961179733276367
1464,7.810701847076416,7.923364639282227
1465,7.793294906616211,7.895641326904297
1466,7.8208465576171875,7.865880012512207
1467,7.683490753173828,7.83455753326416
1468,7.773238658905029,7.796298503875732
1469,7.5722455978393555,7.785155296325684
1470,9.228594779968262,9.218579292297363
1471,8.93676471710205,9.106968879699707
1472,8.914645195007324,9.020196914672852
1473,8.862310409545898,8.929841995239258
1474,8.781462669372559,8.849886894226074
1475,8.708409309387207,8.783700942993164
1476,8.507123947143555,8.696938514709473
1477,8.540285110473633,8.64240837097168
1478,8.527010917663574,8.5955810546875
1479,8.46530818939209,8.525518417358398
1480,8.477518081665039,8.481361389160156
1481,8.451419830322266,8.425863265991211
1482,8.321396827697754,8.370068550109863
1483,8.22797966003418,8.32991886138916
1484,8.194343566894531,8.290660858154297
1485,8.135655403137207,8.239045143127441
1486,8.069099426269531,8.214434623718262
1487,7.895273685455322,8.152886390686035
1488,7.908119201660156,8.136109352111816
1489,7.980779647827148,8.080394744873047
1490,7.793843746185303,8.055261611938477
1491,7.8963117599487305,8.005393028259277
1492,7.773726463317871,7.981335163116455
1493,7.732574462890625,7.9412360191345215
1494,7.75255012512207,7.911767959594727
1495,7.561346054077148,7.89098596572876
1496,7.623154640197754,7.857898712158203
1497,7.512042045593262,7.831380844116211
1498,7.609838485717773,7.809060096740723
1499,7.576091766357422,7.771766662597656
1500,9.216444969177246,9.262663841247559
1501,9.208989143371582,9.159910202026367
1502,9.147418022155762,9.070647239685059
1503,9.020103454589844,8.980048179626465
1504,8.912540435791016,8.923102378845215
1505,8.710155487060547,8.824986457824707
1506,8.591297149658203,8.779191970825195
1507,8.788360595703125,8.694829940795898
1508,8.674842834472656,8.625162124633789
1509,8.678439140319824,8.576959609985352
1510,8.488940238952637,8.526726722717285
1511,8.398058891296387,8.486603736877441
1512,8.461289405822754,8.427215576171875
1513,8.385926246643066,8.398313522338867
1514,8.29141616821289,8.337808609008789
1515,8.173495292663574,8.294078826904297
1516,8.283782958984375,8.253875732421875
1517,8.11790943145752,8.229989051818848
1518,7.979553699493408,8.186471939086914
1519,7.993514060974121,8.145672798156738
1520,7.981996536254883,8.114113807678223
1521,7.862067699432373,8.081302642822266
1522,7.7628350257873535,8.049823760986328
1523,7.8408522605896,8.008405685424805
1524,7.900293350219727,7.9780426025390625
1525,7.808913230895996,7.935766696929932
1526,7.859139442443848,7.915329933166504
1527,7.776597023010254,7.887955665588379
1528,7.8777174949646,7.8839921951293945
1529,7.698404312133789,7.840393543243408
1530,9.185879707336426,9.278790473937988
1531,9.07773494720459,9.174993515014648
1532,9.057107925415039,9.062772750854492
1533,8.896636009216309,8.983317375183105
1534,8.841693878173828,8.902423858642578
1535,8.875959396362305,8.829763412475586
1536,8.617558479309082,8.734051704406738
1537,8.592799186706543,8.708759307861328
1538,8.59355640411377,8.635180473327637
1539,8.553500175476074,8.594345092773438
1540,8.469741821289062,8.533699035644531
1541,8.402097702026367,8.485516548156738
1542,8.301125526428223,8.438807487487793
1543,8.29433536529541,8.38663101196289
1544,8.308442115783691,8.337246894836426
1545,8.292353630065918,8.292153358459473
1546,8.151259422302246,8.270404815673828
1547,8.001620292663574,8.219459533691406
1548,7.8946733474731445,8.188922882080078
1549,8.050029754638672,8.147180557250977
1550,7.898263454437256,8.109132766723633
1551,7.765787124633789,8.077817916870117
1552,7.7377610206604,8.041434288024902
1553,7.702068328857422,8.01011848449707
1554,7.823140621185303,7.978595733642578
1555,7.655259609222412,7.962583541870117
1556,7.686881065368652,7.921545505523682
1557,7.600025653839111,7.895583152770996
1558,7.760476112365723,7.876430511474609
1559,7.566059112548828,7.839209079742432
1560,9.261561393737793,9.329444885253906
1561,9.149421691894531,9.221322059631348
1562,8.991095542907715,9.133617401123047
1563,9.141471862792969,9.045836448669434
1564,9.031436920166016,8.961167335510254
1565,8.684921264648438,8.89400577545166
1566,8.879548072814941,8.826447486877441
1567,8.777271270751953,8.744996070861816
1568,8.75135612487793,8.697607040405273
1569,8.58025074005127,8.648249626159668
1570,8.424120903015137,8.580074310302734
1571,8.444411277770996,8.536234855651855
1572,8.401575088500977,8.504863739013672
1573,8.448528289794922,8.445170402526855
1574,8.283719062805176,8.412678718566895
1575,8.273645401000977,8.358339309692383
1576,8.23356819152832,8.316366195678711
1577,8.237044334411621,8.268924713134766
1578,7.943917751312256,8.242450714111328
1579,8.029275894165039,8.215520858764648
1580,8.029425621032715,8.171908378601074
1581,7.8498616218566895,8.14245319366455
1582,7.772681713104248,8.090736389160156
1583,7.913980484008789,8.069366455078125
1584,7.762220859527588,8.044757843017578
1585,7.818942070007324,8.014732360839844
1586,7.840390205383301,7.974230766296387
1587,7.85953426361084,7.933824062347412
1588,7.749379634857178,7.9252543449401855
1589,7.683115005493164,7.897289752960205
1590,9.177988052368164,9.324834823608398
1591,9.08342170715332,9.222610473632812
1592,9.062909126281738,9.133240699768066
1593,8.803922653198242,9.03566837310791
1594,8.83431625366211,8.958588600158691
1595,8.851798057556152,8.897741317749023
1596,8.809442520141602,8.827407836914062
1597,8.752519607543945,8.765728950500488
1598,8.566667556762695,8.715845108032227
1599,8.669893264770508,8.643485069274902
1600,8.584699630737305,8.597912788391113
1601,8.456496238708496,8.522976875305176
1602,8.341806411743164,8.504119873046875
1603,8.364240646362305,8.456464767456055
1604,8.256139755249023,8.408182144165039
1605,8.192068099975586,8.376310348510742
1606,8.248878479003906,8.3314847946167
1607,8.181623458862305,8.284744262695312
1608,8.010302543640137,8.235133171081543
1609,8.007402420043945,8.19804573059082
1610,7.76373291015625,8.166740417480469
1611,7.86837911605835,8.139808654785156
1612,7.853173732757568,8.109842300415039
1613,7.905476093292236,8.070513725280762
1614,7.812358856201172,8.035362243652344
1615,7.837310314178467,8.017663955688477
1616,7.880411624908447,7.981128215789795
1617,7.858621597290039,7.9612202644348145
1618,7.748249530792236,7.922607421875
1619,7.694934368133545,7.9080071449279785
1620,9.132256507873535,9.374858856201172
1621,9.29478931427002,9.260038375854492
1622,9.126785278320312,9.192916870117188
1623,9.140792846679688,9.075098991394043
1624,9.052891731262207,9.023702621459961
1625,8.888284683227539,8.948063850402832
1626,8.895233154296875,8.86842155456543
1627,8.90109920501709,8.822169303894043
1628,8.682455062866211,8.7670316696167
1629,8.598421096801758,8.710124969482422
1630,8.498090744018555,8.652750968933105
1631,8.516338348388672,8.594326972961426
1632,8.42451000213623,8.532962799072266
1633,8.460456848144531,8.509265899658203
1634,8.465755462646484,8.453310012817383
1635,8.35347843170166,8.4196195602417
1636,8.255005836486816,8.38796615600586
1637,8.197651863098145,8.328871726989746
1638,8.130863189697266,8.293521881103516
1639,8.095525741577148,8.27209758758545
1640,7.900500774383545,8.233840942382812
1641,7.886725425720215,8.198678016662598
1642,7.981103420257568,8.158278465270996
1643,7.795701503753662,8.135688781738281
1644,7.943014144897461,8.104616165161133
1645,7.864744186401367,8.065882682800293
1646,7.8942975997924805,8.041291236877441
1647,7.855561256408691,8.022358894348145
1648,7.821228981018066,7.980985164642334
1649,7.7325849533081055,7.949807167053223
1650,9.250349044799805,9.379501342773438
1651,9.155664443969727,9.277379035949707
1652,9.08812427520752,9.195015907287598
1653,8.892391204833984,9.092041969299316
1654,8.992023468017578,9.005819320678711
1655,8.883636474609375,8.943233489990234
1656,8.807846069335938,8.894257545471191
1657,8.67126750946045,8.82450008392334
1658,8.668628692626953,8.765697479248047
1659,8.63914680480957,8.689214706420898
1660,8.552495002746582,8.655303955078125
1661,8.499427795410156,8.59249210357666
1662,8.45012092590332,8.549155235290527
1663,8.360599517822266,8.50263786315918
1664,8.366652488708496,8.466873168945312
1665,8.207967758178711,8.4265775680542
1666,8.124872207641602,8.376036643981934
1667,8.146007537841797,8.342368125915527
1668,8.017240524291992,8.299858093261719
1669,7.919632911682129,8.271717071533203
1670,7.8812360763549805,8.233932495117188
1671,7.797995567321777,8.189684867858887
1672,7.958147048950195,8.154427528381348
1673,7.9169230461120605,8.131802558898926
1674,7.760198593139648,8.097997665405273
1675,7.87880277633667,8.05622386932373
1676,7.812187671661377,8.034586906433105
1677,7.975767612457275,8.022768020629883
1678,7.793363094329834,7.984560012817383
1679,7.641347408294678,7.955403804779053
1680,9.25914192199707,9.431295394897461
1681,9.219223976135254,9.342336654663086
1682,9.294041633605957,9.253121376037598
1683,9.041528701782227,9.156576156616211
1684,8.979412078857422,9.093783378601074
1685,8.887743949890137,9.01472282409668
1686,8.954214096069336,8.934615135192871
1687,8.831382751464844,8.879363059997559
1688,8.625880241394043,8.818964004516602
1689,8.62415885925293,8.75918197631836
1690,8.540599822998047,8.709848403930664
1691,8.490242958068848,8.653334617614746
1692,8.594428062438965,8.598040580749512
1693,8.28670883178711,8.549759864807129
1694,8.482036590576172,8.519698143005371
1695,8.49533748626709,8.464098930358887
1696,8.394087791442871,8.438299179077148
1697,8.3026123046875,8.38961410522461
1698,8.239843368530273,8.352738380432129
1699,8.08316707611084,8.328536987304688
1700,8.021565437316895,8.293071746826172
1701,7.973020553588867,8.247030258178711
1702,8.03222942352295,8.20409870147705
1703,7.906706809997559,8.18662166595459
1704,7.914157390594482,8.142256736755371
1705,7.926258563995361,8.116050720214844
1706,7.905392169952393,8.101923942565918
1707,7.82497501373291,8.064632415771484
1708,7.921280384063721,8.019387245178223
1709,7.886303901672363,8.017457008361816
1710,9.206374168395996,9.425619125366211
1711,9.07349681854248,9.343311309814453
1712,9.151390075683594,9.242462158203125
1713,8.963966369628906,9.158403396606445
1714,8.911938667297363,9.07982349395752
1715,8.9462308883667,9.006278991699219
1716,8.831825256347656,8.943711280822754
1717,8.819526672363281,8.871983528137207
1718,8.712568283081055,8.833183288574219
1719,8.642885208129883,8.76075553894043
1720,8.537361145019531,8.70917797088623
1721,8.581974029541016,8.641016960144043
1722,8.454238891601562,8.602872848510742
1723,8.504384994506836,8.572668075561523
1724,8.40068244934082,8.523780822753906
1725,8.353981018066406,8.469236373901367
1726,8.232909202575684,8.440595626831055
1727,7.973679065704346,8.400971412658691
1728,8.034589767456055,8.356096267700195
1729,8.189014434814453,8.314234733581543
1730,7.933027744293213,8.288553237915039
1731,7.946117877960205,8.248661994934082
1732,8.083593368530273,8.212127685546875
1733,8.010801315307617,8.194154739379883
1734,7.880268096923828,8.151810646057129
1735,7.914642333984375,8.120171546936035
1736,7.861050128936768,8.097418785095215
1737,7.851985931396484,8.05959415435791
1738,7.760225772857666,8.029934883117676
1739,7.771416187286377,8.003209114074707
1740,9.317590713500977,9.493659019470215
1741,9.2753324508667,9.394401550292969
1742,9.167302131652832,9.288137435913086
1743,9.00400447845459,9.204194068908691
1744,9.072550773620605,9.12767219543457
1745,8.978544235229492,9.062496185302734
1746,8.937792778015137,8.992305755615234
1747,8.869278907775879,8.927620887756348
1748,8.736926078796387,8.874438285827637
1749,8.736791610717773,8.81367301940918
1750,8.464936256408691,8.762730598449707
1751,8.616168022155762,8.702359199523926
1752,8.55879020690918,8.65994644165039
1753,8.463826179504395,8.613042831420898
1754,8.518830299377441,8.566680908203125
1755,8.493696212768555,8.525474548339844
1756,8.334619522094727,8.493636131286621
1757,8.335554122924805,8.442389488220215
1758,8.432637214660645,8.407526969909668
1759,8.069839477539062,8.377056121826172
1760,8.132485389709473,8.339261054992676
1761,7.933375835418701,8.30357551574707
1762,8.033795356750488,8.266729354858398
1763,8.014400482177734,8.243046760559082
1764,7.939510345458984,8.203004837036133
1765,7.939622402191162,8.174488067626953
1766,8.010089874267578,8.156976699829102
1767,7.89559268951416,8.120994567871094
1768,7.849925518035889,8.085829734802246
1769,7.803670406341553,8.06466293334961
1770,9.326141357421875,9.48083209991455
1771,9.113076210021973,9.397439956665039
1772,9.020257949829102,9.289657592773438
1773,9.11352825164795,9.203184127807617
1774,8.98327350616455,9.121569633483887
1775,8.958602905273438,9.06653881072998
1776,8.95370101928711,8.99186897277832
1777,8.823265075683594,8.929984092712402
1778,8.732742309570312,8.880782127380371
1779,8.7839937210083,8.809614181518555
1780,8.59840202331543,8.754806518554688
1781,8.644415855407715,8.712627410888672
1782,8.471365928649902,8.664709091186523
1783,8.490583419799805,8.609619140625
1784,8.559769630432129,8.570474624633789
1785,8.36599349975586,8.525327682495117
1786,8.184986114501953,8.488486289978027
1787,8.106697082519531,8.450444221496582
1788,8.128592491149902,8.423577308654785
1789,8.054086685180664,8.360126495361328
1790,8.024008750915527,8.350424766540527
1791,7.946212291717529,8.286554336547852
1792,8.025768280029297,8.289109230041504
1793,7.921811580657959,8.245798110961914
1794,7.8715434074401855,8.201569557189941
1795,7.974579811096191,8.16723346710205
1796,7.86660099029541,8.147869110107422
1797,7.884778022766113,8.116050720214844
1798,7.807427883148193,8.080774307250977
1799,7.913190841674805,8.052421569824219
